Query,BIR_Classic DCG@20,LM_MLE DCG@20,Gain BIR_Classic vs LM_MLE (%)
Q1,24.7694,0.0,100.0
Q2,41.7941,0.0,100.0
Q3,30.9168,0.0,100.0
Q4,25.7577,0.0,100.0
Q5,61.2813,0.0,100.0
Q6,50.8799,0.0,100.0
Q7,79.6917,0.0,100.0
Q8,57.0044,0.0,100.0
Q9,35.8103,0.0,100.0
Q10,15.764,0.0004,99.99746257295102
Mean,42.36696,4e-05,99.9997462572951
